index,id,acousticness
0,0w0D8H1ubRerC,0.972
12,4IyK8htJJzbRj,0.988
115,0JIPxQiFYgnPf,0.958
144,0pyKuk3bYFSzP,0.971
190,5DLA620cB8o3Y,0.99
205,1m4ZjbibTvvmY,0.964
236,2ZrF3UfwS50CK,0.988
268,2G2b5w0IiHWmv,0.963
349,03o0bsrdp7yim,0.982
425,06xNkl12TrxwG,0.995
431,2G5hAbyjLoY1w,0.975
434,5OojmQ36TXkfL,0.984
445,1YYTAOi1YMxmG,0.981
493,33e8JtboPPzbz,0.967
525,586rOcAzOHkpJ,0.979
534,2d6ml9Qkx8r4E,0.992
545,2Mqrf0BFCP1M6,0.979
575,4hbvrHgfZ8lqF,0.989
590,4JsMpgsep6Xpu,0.994
614,1tUeaAwcZK4S1,0.988
625,3JQaDnn7sdtIn,0.993
683,7dP42zpNCIsEH,0.958
773,4O20FRyWVCr4t,0.958
935,3W7xIbNEaW8G6,0.961
950,453spNn4mGdYE,0.974
967,2OWOkkAQv7KFl,0.982
988,3bOrCXvrwO6CF,0.952
989,2eajPmnVrhSsG,0.979
1056,4ksxLnn1ymLGR,0.996
1082,6EZMZ5LIMiZZe,0.995
1129,6iw32k0OUKHil,0.965
1216,7qLs0IyUn6Trq,0.979
1269,1lOVilzLQuYY2,0.991
1305,3oRuCzqdduzZ2,0.987
1317,5Wjf9NsW6QCmB,0.961
1352,3XyU03WycJQ02,0.977
1457,2Ai5UUXyxaulV,0.995
1470,3KG9I4JXpDwNQ,0.996
1491,70nfm7IEXnFdx,0.991
1502,2kyEgPaAW8wdp,0.993
1517,5xcYuTciYwyCD,0.98
1559,7fkXzzIVo98Cg,0.956
1621,5eG8QuQKOBvDe,0.965
1631,0sDqqcELNvGWI,0.995
1637,3toYHht60pj16,0.98
1641,1Vk4yRsz0iBzD,0.976
1654,5PYHriludkxUA,0.989
1668,2XrM7sxDMFn2L,0.961
1711,5tdcH4SoS9ViD,0.994
1715,5VnaOLeK1lKfU,0.979
1772,35h1sceqSdzCf,0.992
1908,7DtluO7XUoL5w,0.987
1923,19rahpLlANnHr,0.972
1950,7xD5j8ZCGDAPT,0.951
1953,7vfYsS34eZojV,0.977
1958,0vpo0LIlSsiqI,0.963
1964,10zmtHvaMOZKQ,0.954
1972,2QDMQcbiWYlyu,0.969
1983,65AHFH7pRxxMr,0.961
2118,6JPfz2RTDVYqN,0.98
2129,6z5Pd7UoLA6e1,0.996
2142,3t3c70vtCfM9P,0.987
2158,39CbxPVnwNbbi,0.994
2175,3cEVhx8rkM0Fl,0.967
2179,1MOAgfNFslmaH,0.957
2186,1woA76rgRgf00,0.978
2238,2Qhkk4hPdkt3N,0.962
2256,2ujV4s7kebg7k,0.953
2273,0obKFDzE3dlnD,0.97
2351,5jahnGcLiUJ53,0.995
2358,1aTpzY2ggWHhP,0.995
2388,5uaqfXP4wBosO,0.994
2399,1qbrS9PKOzsac,0.994
2407,6eRV2uv4DWyZn,0.958
2427,0eiT0cfG4TT3u,0.983
2441,67HF6y5o1UhIF,0.989
2466,2JJWto8imzsHM,0.984
2475,0yRtn9coNCSWI,0.971
2498,3pzBD8BVdrv7V,0.978
2579,0zwkLwuSIuqQ9,0.968
2638,0HFWS5C6ThNeu,0.956
2653,41jXeGNqW4ogi,0.962
2686,03pWkKJjo8ATe,0.958
2706,0S0YKiEdR9cT9,0.991
2733,3Ckm40tSW3MSq,0.982
2748,4pTvgNra8siMo,0.977
2762,66JpLq0hpmtHW,0.985
2781,2O4i80yTXVXmz,0.986
2792,0Zj3Ihs4nn3G3,0.952
2813,246ntJR3A2s7B,0.98
2817,0KNbGtYQmQo8X,0.967
2839,04M6R4Fbah2Av,0.98
2842,4jSuthawb7fit,0.991
2883,4TrCvd1PrqI14,0.955
2903,1Dk2yfU21Trin,0.972
2956,5Ebm8OIFGeyoK,0.994
3003,3wDjJstO6soS2,0.984
3031,4xHpqKKjWAULc,0.987
3133,2Y95aUjHiOtgL,0.995
3197,38J3F2EqXt9Dn,0.988
3220,3GecLjGMqzjmg,0.993
3245,2g2Ggi6gqJiVD,0.99
3267,4FnK3GEuekjYX,0.991
3283,4Weo3vMehKR84,0.965
3291,24h9onmUBreB1,0.962
3335,2bOqEAbpUbCNe,0.964
3340,24cgBBhZD1cWe,0.989
3381,5bp6twky1rHu7,0.961
3437,39xA1yNSzJRSu,0.956
3460,3obQ7Qx6YZt8r,0.952
3480,1Zv6RyHM08gyC,0.994
3494,1ZEVSOFaWo6hW,0.98
3530,0dHF8t7OIhgPe,0.966
3564,370TxU3tPIvVL,0.995
3568,4aVbFYIU67P8F,0.962
3605,1hk4wGfZMRqmf,0.986
3702,63SvuIM9L3ONA,0.995
3704,1SPBJ5ol7xYyz,0.964
3750,5wf3wwLBJj4j4,0.956
3769,2d7LPtieXdIYz,0.974
3783,4dKkvmCP8VYyP,0.955
3785,38wDkBNOGJJ0Y,0.961
3797,4K6OlCO3WbxsM,0.97
3833,0cTmHyEAcGnkI,0.954
3870,2ahwerIzRcGeS,0.995
3897,61FnfOx61kMlz,0.995
3923,0jl2i7G9bt93B,0.967
3948,0ESvfrHfNuAtk,0.963
3988,0jZO7p0nBUi9V,0.962
4014,3lG6OtGDsYAOA,0.966
4020,1SoR3NCP3P9dt,0.957
4034,40f4bFrEnG7TB,0.994
4053,2QuojUtKiQ7l8,0.993
4055,0ek2PwrDkUWRq,0.984
4059,4FE9jhuatcOZZ,0.994
4065,6A72j6HPfF8Y5,0.994
4090,7iS8aC9Qmet8T,0.973
4098,0jlQn5ENU6pt3,0.99
4117,1LLLm2nPAEw0F,0.971
4135,0CoSBNNeO8Jga,0.996
4201,2gIeStpi0Scla,0.952
4207,6Ge2Ob69SEZ2l,0.964
4320,6suDwyuHm9aTk,0.988
4436,61tnA1xJXS6SU,0.981
4437,1qJVN4D1fZs3A,0.976
4465,2K01jEOja47eL,0.974
4471,0rpSIjKSmZ2SF,0.966
4483,6lZhqWTCznlvI,0.995
4490,0d2jEkvq1aUlQ,0.99
4513,2UZXQrEi0A8yS,0.983
4643,6pV1dGidc6Dvz,0.986
4719,5iday4nwx1UiU,0.992
4733,5LLc5PMYsumWa,0.967
4741,4BlM6AO7TOtqx,0.996
4771,70n33U8GKmuyz,0.981
4795,5c5dCM4Ud73aO,0.961
4821,2zExp0TMKzbEk,0.995
4832,7MWYv1m0d023B,0.976
4887,2HvN74GLTZfua,0.99
5050,3U7fJ0VfFR1Ms,0.961
5194,3FKi5WRPoafaA,0.994
5196,6P6jyX25Twcnt,0.961
5245,7EcjtjNYDhQ82,0.968
5308,0Jp7n6FKqGVxt,0.985
5319,5kiZpF6a7kxZL,0.972
5326,0YPagAr3GhXlR,0.988
5445,346d2tSxhrRUp,0.993
5478,5oGpVVrO0QhZU,0.995
5488,59eTbibtvvBIG,0.983
5581,3wGQULikds23n,0.992
5606,3jlAkZoMZovVV,0.954
5696,3cBtANnJGopPa,0.975
5773,5wsHtmFHWntJz,0.975
5778,79chzfFIIq7cH,0.974
5792,0lX13P1uH2Hn6,0.987
5800,68JOSWjtRYqsC,0.975
5803,1e8YXZzw4cnWV,0.958
5804,2ez01ZsOmyG4m,0.954
5808,7HBvKyhAJ4QX2,0.957
5819,1mmw6dQxV5Yw7,0.951
5826,0OVwmxLIkUQjA,0.973
5836,4VZM71F8XAoLR,0.971
5837,0ErhZpQwk4JaX,0.958
5847,2GJFu2G9fhaYF,0.987
5861,6JJhLJGpkSea8,0.963
5862,2SIHJo8TXKvFv,0.994
5894,2ozeCscFSmHW7,0.994
5903,4eyOZVDzYlVsl,0.995
5955,5iR8v6fTc33LD,0.954
5970,23gcQr3NRKzLX,0.967
6007,4RTVyXYNmaKyq,0.996
6058,3l2aKoxhYUlv9,0.969
6087,5VceRZmSDeW6y,0.989
6130,2hkPUEsERVGoI,0.995
6148,0fB77VOZ2FkQe,0.967
6150,5tc7QNc9sOFQo,0.976
6208,36c2NifUp0GDn,0.974
6338,10yXfuLcIilEb,0.97
6459,7JD4aIrbFXH3e,0.971
6471,0YbVnJgqzHAHF,0.99
6479,26W3vc21aHLaH,0.97
6484,5bqw1jBy6gacB,0.994
6503,4tw2MGyKR4FW8,0.971
6519,2A3Mkcpf7t5lz,0.954
6534,09eEn3vbwXzrf,0.983
6579,1nljoM9tvlik9,0.962
6581,5o4SqGekEfvdk,0.983
6620,5S43VGbqIGWBo,0.995
6728,5eMbvXKpk3CS1,0.959
6732,5cwPIak6Pg5HR,0.957
6737,4AQwwsz0ztRx4,0.974
6866,1SJ7kgrYnrZ1r,0.98
6874,08IA5pdUxV881,0.957
6880,5SSpHX29Gnzsv,0.973
6907,1GIPP103zfsyt,0.991
6908,4CbwEZXVgxViC,0.988
6913,7rtxlP1iijQrZ,0.971
7030,6XNxVEWV0NiBa,0.972
7051,3yACY5F6Q8jTq,0.982
7083,6G1V1TM0TeHfQ,0.984
7179,0AvQspmvZCDfb,0.961
7203,5Wux4Vq9nWrme,0.954
7228,0VI8QAH1YupPK,0.995
7243,0ZGsQUf2WaAGv,0.971
7259,2BicrIvfuJhLN,0.956
7320,5iNbFdlGQ7d1y,0.988
7323,7vIJwiFD2FKiu,0.982
7347,2FP7JttwbYPXc,0.989
7355,1v0uVPU6BWcbo,0.971
7384,2TDYhUsCuLEK0,0.987
7398,6e65fH1wClamA,0.965
7407,1yRvOL3HruyNK,0.964
7432,5edzZx7AiRFOU,0.99
7442,0HRshWRNAwQBR,0.952
7455,7rtHi9wgpYS4h,0.994
7520,4J4yJ9VpPIIsR,0.993
7534,6y4zQgeTuyOV3,0.954
7545,0mjT194sWauS2,0.992
7560,36XWhADD7DpCY,0.994
7576,0xX7kREWmOGBW,0.958
7579,7MXlRIl901aXf,0.96
7697,1jWoeUIvNJnia,0.995
7760,3ESsjKqrj3M79,0.98
7779,5HVjLxAftX35Y,0.977
7822,4K3RZJ8sWPbv0,0.973
7864,1SZh3eUOXgzLq,0.991
7920,2eP2kKhFaTBWj,0.954
7927,5hJ5736o2jQRX,0.991
7937,5BMwpS4iYKR30,0.954
7939,0Zyt3eB2Ddher,0.986
7957,5bP9JMP7HKh1G,0.974
7977,2U42jVkNgEU6D,0.967
7985,5QcpXwGONi7bK,0.994
8002,73nAdnaRt0Qmm,0.994
8006,3HNKZy1An5Jln,0.993
8027,0NOzMlTrPHMQ6,0.993
8164,2GBvksBLD4dLq,0.982
8192,7x8ILiGyZAFW3,0.996
8200,7wMtecN31Pghx,0.993
8201,1rAv3gMViglWe,0.996
8210,5CC8QT7TuttcX,0.977
8220,07dIxNWwFGWwP,0.956
8287,1SmiQ65iSAbPt,0.971
8289,3I3WY0C7AQMe6,0.993
8294,3tCBeat5YZBwL,0.954
8304,2m2GJpBjQNNph,0.99
8311,6L73Pb4dv5p9O,0.994
8332,1GfdC8GouQqL0,0.993
8340,7tDHMhO0bJpbk,0.992
8358,3AogJjKJYSIEi,0.98
8373,7zoNjIq4DZadc,0.994
8386,7DEcoyUFy04Zh,0.979
8409,4sZI1I2z5UODe,0.99
8415,0ciAqRdIpOfhR,0.982
8438,78sZ6qdT6HFK2,0.992
8441,0dRvjBVCStIlB,0.952
8477,5TBekkTQcKzto,0.966
8499,6KHx0lfm8n3J0,0.991
8516,4FUeIDdjVRxnY,0.982
8554,6Q4nNB7exf30T,0.963
8584,6Wei2NUSG66Wz,0.977
8623,6ce2irPKNzScU,0.964
8654,4xsJ6KEsIjsHK,0.965
8714,1eWsXHpKj3BhE,0.97
8720,0gt7ei2Fube4V,0.955
8769,6caCfb9Hg5NlU,0.962
8795,4Cn3jeDKxrpxJ,0.955
8824,2Kij021y6biW8,0.98
8826,7ufjlAqHC2ED4,0.98
8906,1bFx9DWBFy1U7,0.977
8921,7lE2IEY8KXtqQ,0.989
8926,75sSAymXP6tGO,0.976
8949,121jHMUmLlQ24,0.961
9041,2r8tPRK0TolVa,0.995
9058,7bMnF1m5ZcwPK,0.989
9067,1bXoENBZuBkZn,0.96
9073,20Wrb8zv1LCJY,0.955
9164,2s4wu9Z76eEcz,0.951
9233,42b8m7QbauXo7,0.985
9268,1KDkSCXJIR4CJ,0.962
9315,5YfZknxIgQayJ,0.996
9332,3oww3hQ0kv9b2,0.982
9468,0ovWl3roso9gt,0.993
9518,7Ly4vpc0e0Jaq,0.976
9535,1bL3lI3ykZjw9,0.98
9574,6qUjY7JsuQYxn,0.992
9588,0wmmFkwOtzaan,0.996
9616,4QbKevGgXsbtO,0.969
9655,6x7oPOBrfsqx9,0.964
9744,76PS07wzG7zYM,0.958
9749,3Wwba621okL6w,0.991
9789,0aSgzAUObtmSS,0.972
9792,4tpeXx5XfqGdj,0.953
9851,71I9xjigtEcEY,0.986
9936,1YiknHCa9pXZV,0.991
9961,0pV7ZNlSXRtle,0.994
10001,5frrMKfRVby9m,0.986
10005,5smg7I3dlFezD,0.983
10010,4RuYDrJ4a2ybc,0.991
10025,3MRQn2RYo2VLY,0.994
10066,3md9ih5DcuqhY,0.996
10091,4aMrd3aAnuVgG,0.984
10098,7fxHpjrR6YwyF,0.97
10102,4yWCiMOk150jb,0.976
10119,1JoAjYaI3zvhX,0.991
10136,7hQYakDtSt1uj,0.996
10137,1COWV6U3LKqCB,0.994
10148,30QNjcM3Q1GnL,0.969
10182,1w8KJUP2hZ57C,0.991
10194,3J7iUsiftcjZx,0.996
10222,7IeAd6rhMU9zM,0.973
10333,3a14Ywse8vF62,0.992
10339,3eMTcFDfBkdUx,0.995
10348,5tyMJlMqaggzv,0.965
10358,6sSFbKl9oQ7To,0.996
10365,3CkHOquzU3g6e,0.99
10386,72mDETn3Ba8yV,0.994
10387,4BOCx4hnSq0xW,0.965
10394,1KDGb7d3PHIOI,0.989
10395,7uvey8m0ZfknE,0.991
10420,6RuFOroO9VO0a,0.974
10435,4ynA4JLwQIRfI,0.983
10448,7vR65Iy5mH6cD,0.996
10455,7qrFwjD4GmpDl,0.991
10495,147gCksvDRmjG,0.996
10520,2IcRKEB63dQD9,0.951
10522,6UlYfU3dCqFXK,0.99
10540,4vePE79zJShD1,0.99
10544,7rTnBNV9MXeDf,0.96
10548,6rjemuZ8zBQIz,0.985
10558,3FUL2VqnKPvpu,0.979
10584,6xZGds6ClLaEP,0.981
10640,7i0nvZRGgVqym,0.96
10695,7qWIRNY83R89Z,0.958
10699,6FRQ4HYndOhM4,0.991
10744,23jaacZ4V3mdo,0.953
10763,4Fproek7uXgqM,0.952
10776,1fLPmjAfhHjHc,0.97
10789,5yh0phgrkE0qQ,0.966
10800,3NGzaY9pJjoMv,0.965
10816,4Piypso6HAayT,0.989
10819,1NYElq76ajtGZ,0.99
10826,6BOgMI1pVONpi,0.983
10973,3VdLjuOdBfFHQ,0.957
10975,1NNrdT3dU1hHm,0.986
10993,4AmXnLqtS15Mq,0.951
10994,3Lsdp3mbD27Mj,0.996
10996,0TTNwVdKcuH9A,0.991
11000,4a8dR8XKOBOMx,0.992
11076,77jdFbKeyVqhN,0.99
11084,3qrMlhV4Re0GO,0.991
11099,3rB2bdrGTsyRu,0.986
11121,2JIVtls9Jf9nA,0.976
11122,2ucFCqazVVhPK,0.968
11125,1I1ShJC4B0kwS,0.961
11145,4Qf4sunHJJz45,0.956
11152,11Er3qlX9yXQj,0.963
11183,0itMKInovica9,0.96
11187,4YPnMiG3qbVhQ,0.992
11192,4qehtoeLFnk44,0.97
11285,4KEiSfnnR70F0,0.971
11399,7ddIIzmPVOs4s,0.989
11484,3ghTZXvEH9V7Z,0.988
11485,4IVb3KoePQ2Lc,0.955
11486,2FnHMItLWhhPI,0.982
11491,605JTCltCe1Ic,0.975
11492,4xxIMjx6sNmRg,0.992
11509,06am46cX3Z6Yl,0.977
11637,4qto2kJITIHyE,0.99
11841,1l7bKxkdTymsF,0.953
11899,4Vbwap6K56bB5,0.979
11952,570PQwK8DJ0Lg,0.968
11982,0XgRWgcs0Pcr9,0.97
12002,1vL5bZNsFWVYE,0.955
12045,05yzhEWkmVXii,0.991
12097,6sFLeTTehG9M2,0.987
12183,230wJHD5YU7cS,0.987
12190,0dDdc2ugBXcZk,0.966
12204,3mBy5mXHvUJ7s,0.994
12294,4SZbG1h04TXi6,0.996
12307,5hAsWMGQXBjDj,0.994
12319,2pypBNUUzViaP,0.992
12353,0baNzeUcPQnQS,0.964
12367,45HRj3YdVgAOL,0.969
12398,2VvTMIXG760Ui,0.953
12401,1tQKUYjY3h950,0.992
12406,2BNIB51vC5Xf4,0.971
12414,45nNKzH7nKMfy,0.992
12429,6RMjZgsE9IcQZ,0.986
12452,1khJhtT78fpUb,0.96
12458,7gZDMiW9u6N3U,0.967
12459,4CVtPhfKMyA8S,0.996
12480,37bWNUTzhM1Dv,0.968
12484,1nIVZg8EmaIZD,0.988
12486,63yQS5uf762DJ,0.963
12487,6JMuZsTQprhBr,0.987
12504,47hPOcAbwkZJL,0.995
12517,3pJnfyKoVePwV,0.993
12543,6CtgSHDxivSLq,0.977
12581,0t8BbIcYYG0aI,0.984
12636,7w7B0C7kT6CWL,0.958
12703,30gRmzQoIlLxW,0.978
12707,09shqcvMsLb6q,0.994
12775,6anScmEgi2LUo,0.965
12793,5SZ47jchNPq4i,0.995
12795,3TWlCopR57fPQ,0.973
12837,4FZqRi5EvjdMo,0.973
12868,5r04nCsGXiTBs,0.992
12878,099QlSujdXkd9,0.966
12880,6BEkaQDf8HOBD,0.972
12893,58VVEDJ8NK12U,0.992
12896,6szVwCHjicg6t,0.97
12936,4ySqdQH0bhSzu,0.953
12946,7MjEk3ha3TdVV,0.994
12979,0PH2KcNZfDYIP,0.964
13026,393qU26zNVIQN,0.985
13041,4AE032Y0x1WPO,0.991
13053,7LYeytL8R2fuq,0.982
13099,3OzNi0pIuKw2T,0.992
13121,0MPgkoIlmnaSH,0.954
13175,5mdDzJBkQ7Gz7,0.96
13206,26mv7c5urNef5,0.98
13250,7ogqidU5KkUWx,0.989
13326,3jzzpIMxy4Aqd,0.964
13343,0gd3hRBQAEAw0,0.968
13397,5QUMpl8wzwAe3,0.99
13415,0I6tw6cWhpgko,0.961
13419,1rXs2fgby8yhq,0.958
13492,0p6eXDSAFhKm9,0.995
13502,2bweRNFhi8M6f,0.979
13631,25XuCuq4K715N,0.98
13672,159ld20LzWoNc,0.993
13678,4YZwWfva9YsKx,0.99
13711,75A0vJQiBzAxk,0.965
13778,6kLpYUjZQ1BNC,0.995
13892,7sKChFvViJZ6F,0.952
13908,5lUbIsKvBfML0,0.97
13914,3wnSHCMTtD1fx,0.98
13917,6r44uyKRo3jKF,0.958
13951,1BRtrNXFD8Rrl,0.966
14066,6c7uYlmHJtZPn,0.994
14090,6htie60haocR5,0.994
14096,0VRGvi1Qvvaam,0.977
14144,3qjtWuQbKnLt1,0.976
14156,2e9FxyGISHtOx,0.958
14227,7vbCfkJf89i4s,0.987
14258,4KgTrzmfiWNcV,0.959
14260,4MVk79dmYqi7H,0.96
14302,6LnG3cueIxb0S,0.989
14322,51lPx6ZCSalL2,0.983
14325,01T3AjynqSMVf,0.993
14330,3ruGcz1vh9wdc,0.992
14346,77O9eTcQpYwCn,0.994
14362,4rcbkYwipgC6L,0.994
14376,7KWhxUrK9ofPT,0.995
14409,6p1DiRU5INxaJ,0.995
14457,2Ud0BKOtLvXRF,0.994
14463,6L1sKb2kv74gP,0.976
14469,2qHGPanT2ux9h,0.987
14480,2QDFsehUg5Fui,0.957
14483,211l6gKeErP58,0.992
14499,7fjl8fmaUdRWN,0.995
14507,3Rs7eZ7c0N5Nw,0.978
14512,2NhZaJOYL4MHh,0.959
14526,775dmuIRQojrp,0.993
14535,1RMuWWLRYeJvv,0.968
14549,6nx6oC4HgnZOx,0.956
14553,1WYZio6NAhl2y,0.958
14556,6F0mBVGUg6Bsj,0.995
14557,7iw3S9vmaQYrd,0.995
14589,0E97LEEOz5rk6,0.996
14592,7JVjcxfs9CG6O,0.991
14600,3H68NURFkJOaG,0.956
14608,0kKOC50fPTnqm,0.993
14613,21UkknmSYISvD,0.995
14651,5EOANVSfg3dX4,0.994
14669,6embXV2TNlwiP,0.959
14671,63u4EIXqAjfSC,0.98
14673,6UZAtyex2izYC,0.993
14675,1YvfddO5B4IAb,0.962
14689,7MjYIqk3plWn2,0.958
14706,6v0zFoBkuLjTh,0.98
14709,16GdiwewBf99M,0.964
14813,7ocJPvoS4xnFc,0.977
14867,4kwclHRtcMJLz,0.971
14885,5GhYwnHzkHpE8,0.958
14938,5U7vahMkL41gu,0.979
14969,4fU1mpvaRbTqR,0.992
15022,3UOFrelbGLUWJ,0.97
15123,1MAeLzBF3xsg6,0.955
15128,2aUUsj6puY14y,0.963
15129,3rwboSQlP6nOE,0.962
15137,62c1RhroaeTVV,0.993
15174,2ecYJyAHF43oB,0.956
15181,4yKZZfDo52opA,0.993
15216,503fwzlbWHx5g,0.993
15248,6eXKmKkd9O7Em,0.987
15251,70QyxqmlcrW5F,0.993
15256,6CngZA32wwYDb,0.974
15288,0mGBqjK2f3tew,0.995
15303,3wnR4FIaT8Ok3,0.993
15314,2WuYYACpbXgn4,0.962
15323,4UviED7A48N4Q,0.993
15327,00epdG9ONPL8K,0.99
15334,1BnqvUgxXhBzV,0.964
15349,4Tx16LfAMJMNO,0.974
15412,05utSpK1EFNOn,0.99
15501,7l8d1kKkQLPWW,0.974
15510,478Xg3kZfyDap,0.971
15514,7KRaeLuGqHJNh,0.988
15541,3x27YTgedJZlH,0.991
15573,6pax9oyg0VAEL,0.995
15584,6hHKFReuQR9VQ,0.988
15645,23Ypb2SLgeY2O,0.951
15693,3s2f6XU5sJ6aq,0.982
15779,4bEUNyytrIT5d,0.969
15817,1bdhhKZAxmdqA,0.97
15821,09n5OYAlgClYF,0.994
15841,5H9nnDuwE0UCE,0.982
15879,3Kuz6KSGfiNIV,0.965
15943,1RxaEvQCmT36n,0.975
15957,1oBDaufG8Arkz,0.952
15960,5HZCMnScUweku,0.955
15967,1gtflD7JVxpoz,0.988
15968,63zmiYZRPVSRL,0.98
15985,4mlqHOqOXja92,0.989
16036,0ODALQinASClo,0.99
16050,0G6qJsqHP0Bbe,0.978
16061,2PuvIyN4e2w2i,0.954
16079,5ay0cvjtVAbML,0.982
16084,4tLNKzcRv95bW,0.951
16124,2TTpZrsNdlOBo,0.952
16131,3oCd8HkxnzvAW,0.97
16175,4X5zaUdlRhvBW,0.953
16293,5oK98mpTJSU0i,0.972
16331,5xxqxlolNTVsP,0.973
16346,64ltkWiXTteDM,0.988
16367,2aJWkpCXMvIIZ,0.959
16408,5FoZCDCl6WhrA,0.995
16426,0vS05UkNkb0dZ,0.958
16472,3UTIDzn7QvyeU,0.979
16511,0eQZinXiAeZ75,0.99
16530,7CoMBpPTwQi2w,0.959
16531,2zhPy8zbBf53X,0.975
16569,531T2IlqucxLs,0.97
16580,5ptMWCoMxUP5p,0.991
16595,0Ycl08JD5MBn2,0.986
16597,0rdOvRimwzjyB,0.996
16622,199TOFLcLwoW2,0.982
16623,4UlarjdicLUPb,0.99
16637,0Cks68XMF8C89,0.962
16640,2c15DLDKQDhMV,0.981
16646,3WeYjOyamokKd,0.964
16702,4FJJKMXwKerjg,0.984
16713,7EmWxGbLI9kq4,0.991
16719,251nfOQOQYMGi,0.988
16744,6nVWopkV9TK2Y,0.96
16764,0oNyxmkS58UGV,0.962
16781,01phCD6Upm5SN,0.979
16816,3wlNmUeoHnM1j,0.972
16868,6DoOBnoCZNOzP,0.98
16910,3tEW3BubSpSzJ,0.957
16932,4jS6mCmznV5fj,0.987
16960,4oWTPL6ihHK1J,0.968
16970,4aB29POCPX88H,0.971
16975,2L9ISa8cLoUZM,0.974
17023,0uC0Deej3lmVq,0.969
17060,59xohjlL8uhdi,0.992
17076,10PcJgNwEdMwf,0.973
17154,5wC5aUCu9gp7k,0.967
17167,1oigWpHyzcC5g,0.961
17183,1zxKIzxF2NUws,0.983
17189,3DruXfuowq2uy,0.955
17205,3bzc0xRyNkeXv,0.989
17228,1ez8ZmONwGLDs,0.979
17238,5rWi8IzQtoTVN,0.988
17281,5nSXjtRmTY22U,0.986
17304,6r0HePjY5K8WW,0.99
17319,5INLKzjb8a6Sr,0.952
17395,2jNbG2ZVvEi0q,0.983
17441,1XgQtMoo2drLv,0.954
17477,1OmnvhVmoct7x,0.995
17605,7yP9PPNZQrq1T,0.959
17626,2FRnxuLDZ4vSd,0.99
17639,7gXWx5DBR5Mfs,0.993
17664,0y3yFju7xqGgY,0.957
17703,3SrEmZTtPBo5M,0.991
17724,3rw3uYUoKicjB,0.963
17752,017dbEUVSuGK7,0.979
17755,6TCEJVBIrm9Yy,0.984
17767,2Tax7fSPDly9O,0.958
17772,02BumRY2OTFMk,0.994
17773,1PzD8CQfJbJNR,0.979
17807,6VRvhiVLih80I,0.952
17848,3FJ46AfhOr2Ty,0.981
17949,5fCxl609046LL,0.972
17974,6eJobiVXF5HQN,0.953
17993,5LopRVLII1pAV,0.995
18008,0lIDOHnoe4RJg,0.967
18022,5FOHBhUtWl2x5,0.96
18024,7sDzAu7alAL1h,0.981
18129,0KIhA8otx6yYs,0.994
18142,1VNzpN2QspjP5,0.956
18202,1p8Po4X9rWvMO,0.988
18209,586k3MTMSuIDd,0.963
18229,3SPCtqHndiHRN,0.969
18247,1pNQKV0LjUwxp,0.994
18250,3C32S8W8BBBKf,0.951
18269,1uRxyAup7OYrl,0.968
18270,4bjXeKnM7jGi4,0.994
18280,6iGPBcdGv5gVG,0.967
18317,5huIzPcRJkbL7,0.976
18352,6J9tgHIE8qdy5,0.958
18354,2zVBNZ94NII3J,0.991
18362,74RK3VANEjmOC,0.996
18390,6gp6sejiJXYU1,0.995
18391,03XFziNAcPbc4,0.996
18402,3v64IAj0C9myT,0.951
18413,5ih49fmvqPDV9,0.993
18418,0oYpL4iDhZirA,0.992
18432,3OSr4tLBco2Me,0.974
18460,6v7bs0au0qVtt,0.954
18488,72cj11O7lJBQi,0.963
18508,2DTi3hxKgiIJE,0.993
18531,42c1ppLBsSbUj,0.996
18557,1aeKotbZ2wBYu,0.988
18569,5QfENz96Rk140,0.994
18574,3VBPPIu4MGBnM,0.995
18580,2HFa8YQM9xXsa,0.962
18587,6tsmYOwZtMfL3,0.965
18588,5MIyzgrAUZ5Tr,0.995
18599,3sAJq6EDW2iNS,0.992
18608,0KvgYjNjdjpgj,0.993
18610,1KnTw354jtQmD,0.995
18626,1pFCkU2BQHr0m,0.993
18639,7FpuImiEfUmOW,0.996
18643,1I217X8W4dL6n,0.973
18653,3SwiMJxBE5eqY,0.985
18676,1ZxqvIpfcqYDc,0.994
18694,3nZ31x1cLcCRn,0.995
18710,2jJ1dkSJqbtv9,0.99
18717,7vELAwkC04g6Y,0.965
18720,1v8nEP8CRicvu,0.992
18725,1qfYCqVpMcuYL,0.996
18750,4E0b1oXvrPoxH,0.993
18754,4Y6WTrmqcv8Jk,0.993
18759,1TnSRPeMJJEHK,0.985
18788,3Sg42hY1aqhaQ,0.978
18790,628aUzy2L6xHN,0.978
18848,6JySdTlGJTxJd,0.989
18851,1Wy5fW4R9zU0w,0.995
18903,2PdmAIaiKrQei,0.983
18906,7pHz7Rl2sxsj5,0.984
18964,3XfdUtpJ8VW1i,0.988
19013,7tm6kZFYu4hIa,0.982
19015,3ZC6ibxbELAeP,0.994
19016,3nj18sxe1CA0e,0.953
19027,6nLryX6NcQ8ES,0.977
19031,5tpDYRQzjY1Ki,0.974
19050,6DlDX4ghYBeiK,0.976
19053,389qtBoJVF0ri,0.968
19071,55BSszZjjv0Sj,0.995
19156,1SKqoOM0KO1AB,0.967
19163,6BGNjTZ8zp9Ml,0.975
19182,45Ec9tNPuonAp,0.959
19193,6DMI9EN9rQAGS,0.965
19205,2FPtJP6CQ68hO,0.987
19285,5LzSj1aCPrWC8,0.962
19295,7JRHI0vNElkfV,0.981
19366,27cvNIRYgNqDG,0.995
19381,5W7IiH2jDV6q6,0.986
19435,0hXWX5OdIzAp4,0.996
19437,5ohgxuTz8npyF,0.952
19463,31DXqy0L60lvz,0.973
19513,2Uy2p6tkVLj6v,0.99
19550,6qQBhhH3TBmcK,0.983
19590,5xXjqFnvQbxZg,0.992
19621,4VVEfBXep7FdO,0.978
19638,4TyqLIbM33rx2,0.972
19649,3huCujeYOzq4c,0.984
19679,4b4inATXkXR2Z,0.985
19690,26sMnwh7vPmSX,0.962
19714,7suXfwkW9Cg9f,0.957
19732,1Hd59lTCmW0r6,0.968
19772,1RQIsYl31Bghw,0.985
19779,0YcAWPUwih5Mr,0.988
19873,0Z5oEza6OKWhX,0.99
19894,6n2tWWObNYaPn,0.986
19928,3Lj5SBeJizCKb,0.97
19960,5xcm7iKIoMqw6,0.973
19969,6ZO5qeCU6EVLi,0.995
19981,6BjAF110FvR7r,0.98
19990,443c7eueRTLZI,0.992
20028,7Jk2pg4g0c5rz,0.956
20082,2jd20t5nkaFrE,0.978
20147,2WObLX44HN08G,0.97
20210,6a8oa7GncjrVY,0.951
20260,6GsOj1QAdG1XI,0.99
20264,2Z4aQJh0kesRM,0.975
20272,7mHfTKdVsb8Zl,0.99
20315,2fTsxw433lT9u,0.959
20319,7J8drFuULgXhc,0.987
20363,181ybi6b0dYJB,0.992
20397,3CqMuOh8kuc4h,0.953
20415,2pPRgFEENF3Lt,0.975
20421,5kOy4Ap0QsN24,0.988
20504,78RskfTZHN7IY,0.995
20509,3U1VKCmUgzdz8,0.996
20526,1e6Wbu8j4BIYP,0.996
20531,4vWbR3IiMfIbZ,0.996
20544,0A6dTlWYD2mag,0.992
20554,1pgSiIvNXVQAK,0.993
20593,57YVVhWcChlS4,0.994
20595,527OzwwTayP2Z,0.995
20598,6tLFPu4tSmS5L,0.966
20599,4mnfRzyz2dafy,0.995
20613,4EQeE98JeOcxg,0.991
20632,5nMsoz257d3Ab,0.996
20642,10SGotpqSWPSv,0.996
20659,1npS27jD8Fm6Q,0.989
20670,2YAyMEoG27O7q,0.983
20671,5ca7B7Qi2gpzP,0.976
20673,1IdZJSn4MgU8n,0.981
20690,4SNS6KMBDrfK6,0.993
20711,2dtIoZ0tJ3EH3,0.981
20725,3TuBgx3BBnkN1,0.995
20738,53Mz4V3XL02Yu,0.993
20739,7mBZGPbX8nmWR,0.981
20768,4SMp3hkQV64Io,0.996
20779,0SjsIzJkZfDU7,0.996
20785,4na8bW6oc43ox,0.988
20794,4z34BTsWVB44l,0.99
20801,6wqnYzf6QuiJo,0.995
20803,3wmraTkkrCmY1,0.994
20817,2DekjNJII6yEg,0.967
20818,54UQ3Jzm53YkA,0.995
20827,64zhFuKM4TwZ0,0.979
20831,6dfdNTuLOK8eF,0.995
20837,2LktcIchl4v0r,0.995
21009,64rL48E6xWMIX,0.987
21133,3JOVTQ5h8HGFn,0.976
21226,7jSQaXLzpLHjS,0.98
21518,5YqpHuXpFjDVZ,0.977
21779,4k7x3QKrc3h3U,0.971
21995,4RL77hMWUq35N,0.952
22353,1C042FLYy7rP3,0.951
22363,0QZ5yyl6B6utI,0.969
22427,4h0zU3O9R5xzu,0.965
22786,43zdsphuZLzwA,0.978
22822,6CcJMwBtXByIz,0.952
22979,2MSgFefjK0T7I,0.992
22981,4rJtUMlnhJzlz,0.984
23072,4O2N861eOnF9q,0.991
23076,2MZSXhq4XDJWu,0.996
23155,7LAJWSKK8JMIZ,0.974
23337,40BHvbyw4Uead,0.99
23425,3aLof1zmaQ0GL,0.956
23591,78DwRIo6Vj6wq,0.958
23699,3DNRdudZ2Sstn,0.995
23761,2LthqyP0MLhGU,0.979
23810,72i7dwVrHdfDn,0.955
24064,5O6yk6U8L3rTb,0.952
24137,4NsPgRYUdHu2Q,0.992
24164,1fOkmYW3ZFkkj,0.951
24366,5sF7hdYvhrcgN,0.964
24609,5zCunX8URvLoB,0.954
24779,2B1JaRSd7T7YP,0.964
25071,7ESCrKC98mNhY,0.951
25123,6XJGpirOP4Bgu,0.98
25133,64ta7ZvTJeThz,0.987
25220,6CeCOC2zx1qS8,0.957
25302,0BeN6CA7RuwNd,0.994
25509,7wEql4SrP9nL5,0.995
25561,0EHJOhOakEiob,0.991
25638,6gxycjJNMgmAy,0.953
25781,6N7JzrteJv8ls,0.993
25866,0vFJC16vkmxDq,0.985
25901,4exfI4lpJYg1q,0.96
25930,2qERBmbj9TrYb,0.962
25957,7iocNjLrxPHLl,0.97
25998,7qUoDTmVj07qU,0.964
26022,7oRNU7Tmek0nm,0.983
26141,7Jd0MqZq15T4p,0.987
26166,6xwhCiWXREsAI,0.98
26218,1tinoQpYXzpZD,0.996
26371,2236Rw4h6OBwt,0.993
26474,0bZ52QzCCKfrf,0.951
26568,20GlDz2SYsXF8,0.982
26739,52UFaisgZzjLP,0.968
26830,429NtPmr12ayp,0.982
27081,5Y8XLhYm4ZeMU,0.991
27086,33B1XmfncHqnf,0.983
27138,79x6uDDP9EAT5,0.959
27182,3Knohqfb9jeYz,0.979
27190,3gFQOMoUwlR6a,0.953
27201,2jyncYHfaALou,0.992
27223,3uVkugZz6yCTw,0.97
27227,0XkcuWNLacWDw,0.991
27310,39kuVkJjfRjXq,0.959
27348,3fujO0PLd0Moe,0.993
27362,0dRhSF9LV0HR8,0.966
27640,6QuCKdMsTW8pp,0.975
27803,086sjLPEqdKBg,0.995
27871,3lAun9V0YdTlC,0.981
28027,6cXfnv6CBEr5z,0.982
28050,2wOlZrHUpRP9h,0.978
28094,7n92QzQomRCLl,0.99
28217,3tBm6WBuQrNBS,0.986
28238,2IY5x7cYBRvpJ,0.968
28252,7K7E7LKK51Pez,0.993
28357,6BEKt5axiNeWC,0.994
28388,68RI4I6SKm57S,0.988
28399,3Y4rUyw7XBCK6,0.983
28417,4KlL5Bwlm4yHY,0.952
28564,48wSJ6NhMFYYB,0.953
28618,0jOnZhF75V68V,0.986
28708,1BViPjTT585XA,0.975
28710,2hIzjuxyItTpP,0.968
28734,6VrAgFXBbRX2P,0.983
28862,3jZDWsoxRHzzp,0.956
29029,3zksbXteOCeSu,0.979
29184,0jVDUBHY2SziM,0.959
29231,6cC6h5E351deE,0.978
29344,2PkQeKapTNUjw,0.96
29347,4zFRzp0Gi6FB6,0.992
29389,1TQKEwq4y9SkN,0.96
29397,6SCgT1QDWcsnM,0.973
29407,4q8f3Ls32PcXE,0.995
29447,03gk2zRwm8uUZ,0.979
29575,4tZIHyRe46Vpg,0.978
29639,3XgYgYBUCuaMO,0.99
29642,7nl6fbpRrLAED,0.952
29654,3wG4INTm390F0,0.983
29974,0Kt9sF46S7DFK,0.97
29975,7hyAAjHZaDWSP,0.989
30019,1btSclzWM6mSK,0.99
30021,4cTD99OSLy19U,0.958
30102,4jep6dMPP0z7H,0.995
30137,4TzRObrwZ4eDj,0.993
30301,4RROfcxQXFIwW,0.971
30325,5fqjfiMOFapIb,0.962
30333,0hibWCrRAyBld,0.974
30338,1gNcPHAiVIQZm,0.992
30502,1xVF9wZZ87uAz,0.952
30520,6ZLt6fyonW1xO,0.952
30574,3PrLXpTfUdi9i,0.951
30736,5vUNRJsvEOUsz,0.981
30892,4GVIKZW6a4q0w,0.96
30936,0zMzyHAeMvwq5,0.963
31029,5dyihZecYMcEP,0.952
31261,2YQUYRT3aYLC3,0.979
31321,3bgL0rJAAOAVJ,0.973
31329,13uOsefjpWjGz,0.988
31330,7hbpUZY7qsDPB,0.971
31343,3rlPaBlRjyNKH,0.974
31365,1DdyioI2yXhLw,0.983
31410,4myyfMmDd7wTk,0.991
31441,2urMIG2y7CsnH,0.974
31468,0XiMoe7Dh3CcF,0.975
31512,5GkzttQpAANDy,0.971
31639,1s2I9Q7zAE78m,0.984
31674,2Mqggm27ZkH3E,0.978
31686,4hmKe6YigInvK,0.979
31701,5o0xOQhYxr3Kq,0.954
31718,1PPTlPJqKuL0f,0.954
31803,5YArnxq4lg8JY,0.969
31862,3JkDhCmTQqMe2,0.973
31912,2PCTrOWob0vs0,0.981
31966,2YtsgFOv3e2oA,0.956
32046,49Su9fsYwmnnu,0.977
32120,4eoDPVbSx04Pl,0.992
32126,5G9rra29bm2Ht,0.994
32186,25zykbJGBYXYj,0.993
32223,4izhmF4sQgGem,0.976
32322,6XYGQXaMxYjUA,0.979
32381,3g9mw4A8vdljO,0.99
32470,3rocTBn0NsGrV,0.964
32688,27yrt4ZgZ9ipf,0.985
32737,3SsXxuvEu20Cn,0.994
32781,6Rt6KwuF7I8Zk,0.987
32790,3FVy3aVs0TFzL,0.995
32841,1ctAfEIMwYk7K,0.994
32853,5I6y1KWmUoV5Y,0.979
32936,2JUqYobT8NvAR,0.983
33022,435yU2MvEGfDd,0.964
33040,7CyWL6xqJguZU,0.965
33045,2XeZi7qwChzLO,0.991
33105,2I9zHCCeKJRKM,0.96
33109,68QcquxCS39cQ,0.985
33120,0KByxc2bldSo9,0.957
33123,16x9bQHw8TBNa,0.976
33246,4g2WiijzSKzH8,0.955
33310,72794Eag03xdy,0.982
33362,1AieZp5vImnCv,0.97
33373,16jWQYb9Ypzda,0.96
33394,2EcTJUGL3Tj3M,0.968
33437,7LzTw8OiYmhtI,0.976
33475,09tcNodxNOS46,0.992
33505,78IQDW7yyMzJa,0.988
33550,0VfcYOujgf9JD,0.982
33554,3VGv4FgBouhRv,0.977
33582,0pjCsB0XNSyqM,0.984
33583,2HSwhGCgp8lac,0.954
33690,7x7WWeEqIKIPP,0.972
33707,7MAE52QGDf9Um,0.962
33709,7IHEJdJhju1F2,0.994
33714,39bzKYAYfHRtK,0.996
33750,5jKP2lzcDtcSO,0.972
33772,40UlFC0dIxv7l,0.958
33816,7EYea5rkgYsjM,0.986
33849,7927IbXHiYrlZ,0.991
33856,0KXpgyL7L8xIp,0.963
33861,6z0QmvSHYCXkv,0.964
33867,224kUkE8bXyMc,0.98
33934,4hjGZN8poACfj,0.972
34002,1YzCSIwQ1wlch,0.951
34024,1rNSLiEFpAF4a,0.972
34044,3Fou4O94pyR80,0.977
34089,6vlZ1ZsvIzve8,0.968
34169,1AECmtHp67qzm,0.995
34207,4E1R0vG10ed0w,0.975
34235,5XfmcJMAaifjR,0.991
34288,0zvv76DEro0MM,0.981
34327,0Mq8zDfYjuCAt,0.995
34340,1nQOgYZWJzYsF,0.987
34354,6tWg05l8fgCms,0.99
34418,0bcGY7mfG10Qf,0.992
34424,5VXqnaVDKEFaz,0.993
34461,6jL1DEdjmOa27,0.953
34477,4o0YiMA52IzmO,0.982
34495,3xr8COed4nPPn,0.968
34548,2Au50d6aZrsYr,0.972
34581,4eYaDRhiL5ies,0.989
34707,30Co9eN7JHPf1,0.987
34786,2SZJl7ZigkaEG,0.99
34857,6Vigp41BietH0,0.978
34977,7BSMSvK0WxrDe,0.963
34979,6uWjjaiquXsju,0.995
35017,2dv7Jf570NkaW,0.994
35021,4yp90BbE4dxPX,0.956
35077,67kXYrMTQbS7M,0.959
35295,7arWoSrPeW1ui,0.993
35304,3GMhHXO3cGrqM,0.988
35338,54IZYicWqjVsi,0.99
35354,5EeQQ8BVJTRkp,0.954
35443,62ljuuXo0zrcr,0.953
35459,3mu3BtXvnCftP,0.991
35466,3ZB8WOTt7p9cS,0.952
35484,6CMnIEdPUWPf2,0.978
35489,5lxF5viTocy0k,0.972
35490,7jZ8JuODxdSJc,0.994
35566,0kZ3k5D5kAIZU,0.991
35573,5bi8ryL6gy6a1,0.992
35593,34y7W6WQtgHLW,0.992
35646,5NP9bhvIp2XGY,0.995
35676,7kTVe6XhIveid,0.996
35680,1U2EKwG7CRQIW,0.962
35914,4A1VmZQ2rdCS0,0.984
35938,54L9E8shNdCTN,0.993
35945,77MHOLfTVDlhc,0.954
35961,3ggc70INCVlv5,0.986
36040,2CPnPnfbCMESa,0.99
36079,2pr6us08iPNzI,0.994
36175,1QmhkjuUlosRO,0.996
36231,3BfKUxdpnG24q,0.978
36346,1DHV4JhMnCkbL,0.985
36399,4820SC1xnUaab,0.996
36441,5VXK8WJsqtq6B,0.991
36445,33riuTg9aVoiR,0.981
36497,4JCQ2ZHe3vACP,0.96
36543,0L5WGmfuDp4Jg,0.987
36547,2OdM7OEeVMckl,0.982
36576,64LTn5fTsPR0Q,0.991
36590,6PR3ZUCnxtQTE,0.974
36613,4B3RbRUP0fl2K,0.988
36669,1tTxt6RtTqvuS,0.964
36705,5dikapPlQPrsT,0.951
36806,5fHgBb5r91Jmd,0.985
36813,0zke8Vmo0bgbP,0.983
36823,0E0xI4AgMNU7U,0.989
36852,5fdp9rXfEixCG,0.996
36974,04Gv6iKKvurUa,0.977
37008,0tPuFBwxHeJ4X,0.992
37044,7McExzjmhDI5N,0.988
37103,5p684vIzF5LOk,0.97
37134,7lVgv8KhBQHbm,0.996
37229,34A2accnIDPOh,0.952
37348,3RIgHHpnFKj5R,0.967
37489,7z8kUK8x96El1,0.976
37504,4E1Rquqd8ZAnO,0.986
37509,3T8DODWqHs6Gv,0.994
37528,2YsJM80gRMAhC,0.992
37579,6fpC0WaPiZkVv,0.986
37626,0FJL3Dwu8oUpw,0.993
37643,0e73D9vZrxLVU,0.971
37651,0UDSwgomgI5bK,0.958
37729,1W0IWU1XpPhNZ,0.965
37797,3uVMWI57CV8LK,0.994
37829,3Y9wdXMh6sNt9,0.982
37841,6c96Nkxc8clVS,0.994
37878,1bDjWyTOXs0sx,0.951
37890,0oEyXbHhtUBqK,0.951
37894,5WAdxow8ofiTb,0.971
37970,1bJv35SZXRCP0,0.974
37995,3Eqaogon7dKnH,0.988
38036,2Swpr4UiCfYUl,0.987
38039,13kShSwCdr8BA,0.986
38060,6G6tIDO3rB8Fk,0.995
38149,6LKsT6X9BxMK8,0.99
38252,03j93sOn7Qsbm,0.982
38343,7vv4tJIsMFm3X,0.956
38414,1LgjqqeUpcACk,0.993
38433,5nbq3jYzsuv3J,0.975
38462,3WoFKA49Hjdoj,0.982
38468,4VNWVzVj6QnNw,0.993
38486,1CSaCKPIp2yCI,0.974
38572,6RtdBwIiYavQE,0.985
38596,6YS1MXqso0zlm,0.99
38598,7tFDcSoYHk54F,0.991
38607,2FD2StPTst6uM,0.988
38644,2u9VGZmVz7Rm0,0.987
38656,0g7AZiNDzDuEY,0.976
38882,3i7Iyc932rv1A,0.957
39080,0thYKKLw11YVY,0.987
39114,20r94xA0bsYNL,0.976
39123,16oJbTzbcxato,0.995
39132,2nvvKQCQdiTlg,0.956
39146,1LQsAMbRfl264,0.993
39149,0CQskMydQ8Aht,0.993
39183,2vQwlW8H1jFve,0.973
39194,59lUvVUixyLmC,0.989
39208,5jxBweBbPFg53,0.994
39216,3s9eWdn8IymCP,0.968
39237,0qERplEKH6hfx,0.993
39342,2ynHMuxTmMJ8D,0.984
39365,6UrBiRJabWOu9,0.96
39398,5NDJhWYEfJbAR,0.992
39407,3u9BK8XIFDSrz,0.985
39569,2M3laSC4qeLl9,0.991
39571,1P4P6FJh734Fh,0.988
39579,3w14gk0C0Vn5e,0.96
39590,5UbN3fe9OB1p5,0.955
39678,1LcNtS9B22LgI,0.972
39721,7pKWTcPfT9mg2,0.955
39723,0BXmWSeBL9zIa,0.99
39888,06NpidxT6Rx4U,0.957
40005,5AVUsyKKPhYJI,0.958
40008,3RYbXTVdT6XtR,0.964
40031,6sbZNeGOLDz7W,0.979
40064,4Jt9qfVN8wkIE,0.975
40074,5PuX2GQai2jAD,0.966
40106,3ZAJAL00SgMUH,0.989
40135,1fvRueeK5f60h,0.983
40188,1UeEULIBhrFzy,0.986
40203,25SsTCBLmMohi,0.988
40275,0UdTjf1Bhw6zJ,0.994
40332,0fzw4BBD5FRJt,0.97
40344,45JNWTRpOoMmp,0.989
40353,3VBqIpJOTtauu,0.964
40439,6FqBethNJYBG8,0.995
40648,7kaub3iYrvVz5,0.984
40712,7qxxr5CLf8rnI,0.983
40751,4cawaZVzboa3U,0.968
40768,3OjWbbavamAsi,0.985
40811,43bSKCMWHIuBs,0.994
40835,4rrrn8OLrttq7,0.983
40854,6GfjhpnE21nxI,0.965
40862,0O1Oean88yC9K,0.975
40900,5mVDhLnXTHlBW,0.952
40913,2GBjsCkCpR5w8,0.965
40926,2MABF1tqhRc2O,0.97
41069,59cPOVxrn3Yjw,0.989
41076,2pV8RpdLemcyM,0.958
41078,7ueCTKb8n7UOd,0.992
41133,1wNEBPo3nsbGC,0.962
41159,4JX3QGip45EV6,0.988
41176,2IOK9ETnjo05W,0.961
41193,2fIVdzd4JW4Hn,0.989
41206,7qJikccNesdXm,0.966
41226,1IdZvb2XK8Nms,0.985
41243,26h6qDR3Ktieq,0.957
41324,0tPLCqTT1rEHb,0.977
41356,3Se2ifaSm69Np,0.996
41517,4rkUd5Juj2icJ,0.957
41543,0MAXHRBvH3yjP,0.974
41593,1GofdWoWnV6F7,0.973
41598,6lMqDaZjoqe6J,0.973
